Dealer,Street,City,State,ZIP,Email,Contact_Type,Website,Source_URL,Radius_Status,Verified_Date,Notes
"Ohio Cars.com","1119 Reading Rd","Mason","OH","45040","sales@ohiocars.com","Published email","https://www.ohiocars.com/","https://www.ohiocars.com/","Within target area","2026-08-09","Email displayed on dealer website"
"First Choice Auto","","Middletown","OH","45042","firstchoiceauto@zoomtown.com","Published email","https://usedcars513.com/","https://usedcars513.com/","Within target area","2026-08-09","Email displayed on dealer website"
"International Auto Outlet","2531 Dixie Hwy","Hamilton","OH","45015","info@internationalautooutlet.com","Published email","https://www.internationalautooutlet.com/","https://www.internationalautooutlet.com/","Within target area","2026-08-09","Email displayed on dealer website"
"Ohio Motors Inc.","","Cincinnati","OH","","ohiomotors@mail.com","Published email","https://www.ohiomotorsinc.com/index","https://www.ohiomotorsinc.com/index","Within target area","2026-08-09","Email displayed on dealer website"
"Jake Sweeney Used Car Superstore","11521 Princeton Pike","Cincinnati","OH","45246","sales@jakesweeneyusedcarsuperstore.com","Published email","https://www.sweeneyusedcars.com/","https://pressadvantage.com/pdf/53598-budget-vehicles-now-available-at-jake-sweeney-used-car-superstore-in-cincinnati/","Within target area","2026-08-09","Public sales email"
"Dixie Auto Outlet","","Dayton","OH","45414","dixieautooutlet@gmail.com","Published email","https://dixieautooutlet.com/","https://dixieautooutlet.com/","Within approximately 50 miles","2026-08-09","Email displayed on dealer website"
"Alan Besco Cars and Trucks","","Xenia","OH","45385","sales@alanbescosuperstore.com","Published email","https://www.alanbescosuperstore.com/about/","https://www.alanbescosuperstore.com/about/","Within approximately 50 miles","2026-08-09","Email displayed on dealer website"
"Partners Auto Sales","1800 Valley St","Dayton","OH","45404","sales@partners-autosalesllc.com","Published email","https://partners-autosalesllc.com/","https://partners-autosalesllc.com/","Within approximately 50 miles","2026-08-09","Email displayed on dealer website"
"1st Rate 2nd Hand","","Dayton","OH","45420","1stRate2ndHandDayton@gmail.com","Published email","https://1stratedayton.com/contact.html","https://1stratedayton.com/contact.html","Within approximately 50 miles","2026-08-09","Email displayed on dealer website"
"Advantage Car and Credit","","Xenia / Vandalia / Troy","OH","","sales@AdvantageCarAndCredit.com","Published email","https://www.daytonbuyherepayhere.com/","https://www.daytonbuyherepayhere.com/","Within approximately 50 miles","2026-08-09","One public sales email serves several area locations"
"SIS Motors LLC","","Cincinnati","OH","45244","","Contact form","https://sismotors.mycarsonline.com/","https://sismotors.mycarsonline.com/","Within target area","2026-08-09","Site masks the email; use public contact form"
"Enterprise Automotive","1077 Ohio Pike","Cincinnati","OH","45245","","Contact form","https://www.enterpriseautomotiveinc.com/","https://www.enterpriseautomotiveinc.com/","Within target area","2026-08-09","Site masks the email; use public contact form"
"R&W Auto Sales","","Lebanon","OH","","","Contact form","https://www.rwautostore.com/","https://www.rwautostore.com/","Within target area","2026-08-09","Site masks the email; use public contact form"
"Alpine Auto Sales","","Milford","OH","45150","","Contact form","https://www.alpine-autosales.com/home/","https://www.alpine-autosales.com/home/","Within target area","2026-08-09","Site masks the email; use public contact form"
"Rod's Automotive","","Cincinnati","OH","","","Contact form","https://www.rodsautomotivecincy.com/","https://www.rodsautomotivecincy.com/","Within target area","2026-08-09","No public direct email found"
"Mike Albert Sales and Service","","Cincinnati","OH","","","Contact form","https://www.mikealbertcars.com/dealership/contact-us.htm","https://www.mikealbertcars.com/dealership/contact-us.htm","Within target area","2026-08-09","No public direct email found"
"Cincinnati Auto Credit","","Cincinnati / Fairfield","OH","","","Contact form","https://www.cincyauto.com/","https://www.cincyauto.com/","Within target area","2026-08-09","No public direct email found"
"Worley Auto Sales","","Hamilton","OH","","","Contact form","https://www.worleyauto.com/","https://www.worleyauto.com/","Within target area","2026-08-09","No public direct email found"
"Courtesy Automotive","","Cincinnati","OH","","","Contact form","https://gocourtesy.com/contact.cfm","https://gocourtesy.com/contact.cfm","Within target area","2026-08-09","No public direct email found"
"Premier Auto Mart","","Hamilton","OH","","","Contact form","https://www.premierautomart.com/","https://www.premierautomart.com/","Within target area","2026-08-09","No public direct email found"
"Joseph Chevrolet","","Cincinnati","OH","","","Contact form","https://www.josephchevrolet.com/used-vehicles/","https://www.josephchevrolet.com/used-vehicles/","Within target area","2026-08-09","Used-vehicle inventory and dealership contact options"
"Midwest Auto Store","166 Weaver Rd","Florence","KY","41042","","Contact form","https://www.midwestautostore.com/mobile-best-price/","https://www.midwestautostore.com/mobile-best-price/","Within approximately 50 miles","2026-08-09","No public direct email found"
"RAM Motors","","Cincinnati","OH","","","Contact form","https://www.rammotorexpress.com/","https://www.rammotorexpress.com/","Within target area","2026-08-09","No public direct email found"
"McCluskey Automotive","435 East Galbraith Rd","Cincinnati","OH","45215","","Contact form","https://www.mccluskeyautomotive.com/","https://www.mccluskeyautomotive.com/","Within target area","2026-08-09","No public direct email found"
"Mira Auto Sales","","Cincinnati","OH","","","Contact form","https://www.miraautosales.net/","https://www.miraautosales.net/","Within target area","2026-08-09","No public direct email found"
"Lebanon Ford","","Lebanon","OH","","","Contact form","https://www.lebanonford.com/bargain-inventory/index.htm","https://www.lebanonford.com/bargain-inventory/index.htm","Within target area","2026-08-09","Used and bargain inventory; no public direct email found"
"Zimmer Motor","","Florence","KY","","","Contact form","https://www.zimmermotor.com/about-us/staff/","https://www.zimmermotor.com/about-us/staff/","Within approximately 50 miles","2026-08-09","No public direct email found"
"Mike Castrucci Chevrolet","","Milford","OH","","","Contact form","https://www.mikecastruccichevrolet.com/contactus.aspx","https://www.mikecastruccichevrolet.com/contactus.aspx","Within target area","2026-08-09","Used inventory available; no public direct email found"
"Elite Auto Exchange","","Dayton","OH","","","Contact form","https://www.eliteautox.net/","https://www.eliteautox.net/","Within approximately 50 miles","2026-08-09","No public direct email found"
"Car Sales Inc.","","Dayton","OH","","","Contact form","https://carsales.synthasite.com/","https://carsales.synthasite.com/","Within approximately 50 miles","2026-08-09","No public direct email found"
"Jake Sweeney SmartCredit","11521 Princeton Pike Front","Cincinnati","OH","45246","","Contact form","https://www.jakesweeneysmartcredit.com/","https://www.jakesweeneysmartcredit.com/","Within target area","2026-08-09","No separate public direct email found"
"Mark Sweeney Buick GMC","","Cincinnati","OH","","","Contact form","https://www.marksweeneyautos.com/","https://www.marksweeneyautos.com/","Within target area","2026-08-09","Used inventory available; no public direct email found"
"Byrider Dayton","","Dayton","OH","45459","","Contact form","https://www.byriderdayton.com/","https://www.byriderdayton.com/","Within approximately 50 miles","2026-08-09","No public direct email found"
"Monti's Auto Center","6323 Madison Rd","Cincinnati","OH","45227","","Contact form","https://www.montisautocenter.com/","https://www.montisautocenter.com/privacy-policy/","Within target area","2026-08-09","No public direct email found"
"Tri State Auto Sales","4505 Kellogg Ave","Cincinnati","OH","45226","","Contact form","https://www.tristateautosales.com/","https://www.tristateautosales.com/","Within target area","2026-08-09","No public direct email found"
"Northern Kentucky Auto Sales - Florence","10050 Norbotten Dr","Florence","KY","41042","","Contact form","https://nkyauto.com/contact-us","https://nkyauto.com/contact-us","Within approximately 50 miles","2026-08-09","Public inquiry form"
"Northern Kentucky Auto Sales - Cold Spring","137 Plaza Dr","Cold Spring","KY","41076","","Contact form","https://nkyauto.com/contact-us","https://nkyauto.com/contact-us","Within approximately 50 miles","2026-08-09","Public inquiry form"
"Jeff Schmitt Mazda","","Dayton","OH","","","Contact form","https://www.jeffschmittmazda.com/used-car-dealership-in-dayton-oh.htm","https://www.jeffschmittmazda.com/used-car-dealership-in-dayton-oh.htm","Within approximately 50 miles","2026-08-09","Used-car department public inquiry form"
"BM Auto Sales LLC","","Cincinnati","OH","","","Contact form","https://www.bmautosalesllc.com/","https://www.bmautosalesllc.com/","Within target area","2026-08-09","No public direct email found"
